<?xml version="1.0" encoding="UTF-8"?>
<project-private xmlns="http://www.netbeans.org/ns/project-private/1">
    <editor-bookmarks xmlns="http://www.netbeans.org/ns/editor-bookmarks/2" lastBookmarkId="0"/>
    <open-files xmlns="http://www.netbeans.org/ns/projectui-open-files/2">
        <group>
            <file>file:/E:/Documentos/CursoPOO/ProjetoPessoas/src/projetopessoas/ProjetoPessoas.java</file>
            <file>file:/E:/Documentos/CursoPOO/ProjetoPessoas/src/projetopessoas/Professor.java</file>
            <file>file:/E:/Documentos/CursoPOO/ProjetoPessoas/src/projetopessoas/Funcionario.java</file>
            <file>file:/E:/Documentos/CursoPOO/ProjetoPessoas/src/projetopessoas/Aluno.java</file>
            <file>file:/E:/Documentos/CursoPOO/ProjetoPessoas/src/projetopessoas/Pessoa.java</file>
        </group>
    </open-files>
</project-private>
