<?xml version="1.0" encoding="UTF-8"?>
<project-private xmlns="http://www.netbeans.org/ns/project-private/1">
    <editor-bookmarks xmlns="http://www.netbeans.org/ns/editor-bookmarks/2" lastBookmarkId="0"/>
    <open-files xmlns="http://www.netbeans.org/ns/projectui-open-files/2">
        <group>
            <file>file:/E:/Documentos/CursoPOO/Aula11/src/aula11/Aula11.java</file>
            <file>file:/E:/Documentos/CursoPOO/Aula11/src/aula11/Pessoa.java</file>
            <file>file:/E:/Documentos/CursoPOO/Aula11/src/aula11/Aluno.java</file>
            <file>file:/E:/Documentos/CursoPOO/Aula11/src/aula11/Visitante.java</file>
            <file>file:/E:/Documentos/CursoPOO/Aula11/src/aula11/Bolsista.java</file>
        </group>
    </open-files>
</project-private>
